id,alt,year,title,rating,original_title,directors,casts,genres,image
1291545,https://movie.douban.com/subject/1291545/,2003,大鱼,8.7,Big Fish,蒂姆·波顿,"伊万·麦克格雷格,阿尔伯特·芬尼,比利·克鲁德普","剧情,家庭,奇幻",https://img3.doubanio.com/view/movie_poster_cover/spst/public/p692813374.jpg
1291546,https://movie.douban.com/subject/1291546/,1993,霸王别姬,9.5,霸王别姬,陈凯歌,"张国荣,张丰毅,巩俐","剧情,爱情,同性",https://img3.doubanio.com/view/movie_poster_cover/spst/public/p1910813120.jpg
1291548,https://movie.douban.com/subject/1291548/,1989,死亡诗社,8.9,Dead Poets Society,彼得·威尔,"罗宾·威廉姆斯,罗伯特·肖恩·莱纳德,伊桑·霍克",剧情,https://img3.doubanio.com/view/movie_poster_cover/spst/public/p1910824340.jpg
1291549,https://movie.douban.com/subject/1291549/,2004,放牛班的春天,9.2,Les choristes,克里斯托夫·巴拉蒂,"热拉尔·朱尼奥,让-巴蒂斯特·莫尼耶,弗朗索瓦·贝莱昂","剧情,音乐",https://img3.doubanio.com/view/movie_poster_cover/spst/public/p1910824951.jpg
1291552,https://movie.douban.com/subject/1291552/,2003,指环王3：王者无敌,9.1,The Lord of the Rings: The Return of the King,彼得·杰克逊,"维果·莫腾森,伊利亚·伍德,西恩·奥斯汀","剧情,动作,奇幻",https://img3.doubanio.com/view/movie_poster_cover/spst/public/p1910825503.jpg
1291557,https://movie.douban.com/subject/1291557/,2000,花样年华,8.5,花樣年華,王家卫,"梁朝伟,张曼玉,潘迪华","剧情,爱情",https://img3.doubanio.com/view/movie_poster_cover/spst/public/p1910828286.jpg
1291560,https://movie.douban.com/subject/1291560/,1988,龙猫,9.1,となりのトトロ,宫崎骏,"日高法子,坂本千夏,岛本须美","动画,奇幻",https://img1.doubanio.com/view/movie_poster_cover/spst/public/p1910829638.jpg
1291561,https://movie.douban.com/subject/1291561/,2001,千与千寻,9.2,千と千尋の神隠し,宫崎骏,"柊瑠美,入野自由,夏木真理","剧情,动画,奇幻",https://img3.doubanio.com/view/movie_poster_cover/spst/public/p1910830216.jpg
1291568,https://movie.douban.com/subject/1291568/,1953,东京物语,9.2,東京物語,小津安二郎,"笠智众,原节子,杉村春子","剧情,家庭",https://img3.doubanio.com/view/movie_poster_cover/spst/public/p1910832390.jpg
1291571,https://movie.douban.com/subject/1291571/,2001,指环王1：魔戒再现,8.9,The Lord of the Rings: The Fellowship of the Ring,彼得·杰克逊,"伊利亚·伍德,西恩·奥斯汀,伊恩·麦克莱恩","剧情,动作,奇幻",https://img3.doubanio.com/view/movie_poster_cover/spst/public/p1354436051.jpg
1291572,https://movie.douban.com/subject/1291572/,2002,指环王2：双塔奇兵,8.9,The Lord of the Rings: The Two Towers,彼得·杰克逊,"伊利亚·伍德,西恩·奥斯汀,伊恩·麦克莱恩","剧情,动作,奇幻",https://img3.doubanio.com/view/movie_poster_cover/spst/public/p909265336.jpg
1291578,https://movie.douban.com/subject/1291578/,2002,冰川时代,8.4,Ice Age,"卡洛斯·萨尔达尼亚,克里斯·韦奇","雷·罗马诺,约翰·雷吉扎莫,丹尼斯·利瑞","喜剧,动画,冒险",https://img1.doubanio.com/view/movie_poster_cover/spst/public/p1910895719.jpg
1291579,https://movie.douban.com/subject/1291579/,2001,怪兽电力公司,8.6,"Monsters, Inc.","彼特·道格特,大卫·斯沃曼,李·昂克里奇","约翰·古德曼,比利·克里斯托,玛丽·吉布斯","喜剧,动画,儿童",https://img1.doubanio.com/view/movie_poster_cover/spst/public/p1805127697.jpg
1291583,https://movie.douban.com/subject/1291583/,1986,天空之城,9,天空の城ラピュタ,宫崎骏,"田中真弓,横泽启子,初井言荣","动画,奇幻,冒险",https://img1.doubanio.com/view/movie_poster_cover/spst/public/p1446261379.jpg
1291585,https://movie.douban.com/subject/1291585/,1984,风之谷,8.8,風の谷のナウシカ,宫崎骏,"岛本须美,松田洋治,榊原良子","科幻,动画,奇幻",https://img3.doubanio.com/view/movie_poster_cover/spst/public/p1917567652.jpg
1291818,https://movie.douban.com/subject/1291818/,1994,饮食男女,9,飲食男女,李安,"吴倩莲,杨贵媚,王渝文","剧情,家庭",https://img3.doubanio.com/view/movie_poster_cover/spst/public/p1910899751.jpg
1291822,https://movie.douban.com/subject/1291822/,2004,卢旺达饭店,8.8,Hotel Rwanda,特瑞·乔治,"唐·钱德尔,苏菲·奥康内多,杰昆·菲尼克斯","剧情,历史,战争",https://img3.doubanio.com/view/movie_poster_cover/spst/public/p2159368352.jpg
1291824,https://movie.douban.com/subject/1291824/,2001,黑鹰坠落,8.5,Black Hawk Down,雷德利·斯科特,"乔什·哈奈特,伊万·麦克格雷格,汤姆·塞兹摩尔","动作,历史,战争",https://img3.doubanio.com/view/movie_poster_cover/spst/public/p1910900710.jpg
1291828,https://movie.douban.com/subject/1291828/,1988,天堂电影院,9.1,Nuovo Cinema Paradiso,朱塞佩·托纳多雷,"安东内拉·阿蒂利,恩佐·卡拉瓦勒,艾萨·丹尼埃利","剧情,爱情",https://img3.doubanio.com/view/movie_poster_cover/spst/public/p1910901025.jpg
1291832,https://movie.douban.com/subject/1291832/,1994,低俗小说,8.7,Pulp Fiction,昆汀·塔伦蒂诺,"约翰·特拉沃尔塔,乌玛·瑟曼,阿曼达·普拉莫","剧情,喜剧,犯罪",https://img3.doubanio.com/view/movie_poster_cover/spst/public/p1910902213.jpg
1291841,https://movie.douban.com/subject/1291841/,1972,教父,9.2,The Godfather,弗朗西斯·福特·科波拉,"马龙·白兰度,阿尔·帕西诺,詹姆斯·肯恩","剧情,犯罪",https://img3.doubanio.com/view/movie_poster_cover/spst/public/p1910907590.jpg
1291843,https://movie.douban.com/subject/1291843/,1999,黑客帝国,8.8,The Matrix,"莉莉·沃卓斯基,拉娜·沃卓斯基","基努·里维斯,凯瑞-安·莫斯,劳伦斯·菲什伯恩","动作,科幻",https://img3.doubanio.com/view/movie_poster_cover/spst/public/p1910908765.jpg
1291844,https://movie.douban.com/subject/1291844/,1991,终结者2：审判日,8.5,Terminator 2: Judgment Day,詹姆斯·卡梅隆,"阿诺·施瓦辛格,琳达·汉密尔顿,爱德华·福隆","动作,科幻",https://img3.doubanio.com/view/movie_poster_cover/spst/public/p1910909085.jpg
1291853,https://movie.douban.com/subject/1291853/,1996,英国病人,8.4,The English Patient,安东尼·明格拉,"拉尔夫·费因斯,克里斯汀·斯科特·托马斯,朱丽叶·比诺什","爱情,剧情,战争",https://img3.doubanio.com/view/movie_poster_cover/spst/public/p2408623752.jpg
1291858,https://movie.douban.com/subject/1291858/,2000,鬼子来了,9.2,鬼子来了,姜文,"姜文,香川照之,袁丁","剧情,战争",https://img3.doubanio.com/view/movie_poster_cover/spst/public/p1181775734.jpg
1291870,https://movie.douban.com/subject/1291870/,1988,雨人,8.6,Rain Man,巴瑞·莱文森,"达斯汀·霍夫曼,汤姆·克鲁斯,瓦莱丽亚·戈利诺",剧情,https://img3.doubanio.com/view/movie_poster_cover/spst/public/p942376281.jpg
1291875,https://movie.douban.com/subject/1291875/,1994,阳光灿烂的日子,8.7,阳光灿烂的日子,姜文,"夏雨,宁静,陶虹",剧情,https://img1.doubanio.com/view/movie_poster_cover/spst/public/p967457079.jpg
1291879,https://movie.douban.com/subject/1291879/,1950,罗生门,8.7,羅生門,黑泽明,"三船敏郎,千秋实,京町子","犯罪,剧情,悬疑",https://img1.doubanio.com/view/movie_poster_cover/spst/public/p1864872647.jpg
1291990,https://movie.douban.com/subject/1291990/,2004,爱在日落黄昏时,8.7,Before Sunset,理查德·林克莱特,"伊桑·霍克,朱莉·德尔佩,弗农·多布切夫","剧情,爱情",https://img3.doubanio.com/view/movie_poster_cover/spst/public/p1910924055.jpg
1291992,https://movie.douban.com/subject/1291992/,1991,末路狂花,8.7,Thelma & Louise,雷德利·斯科特,"吉娜·戴维斯,苏珊·萨兰登,哈威·凯特尔","犯罪,剧情,惊悚",https://img3.doubanio.com/view/movie_poster_cover/spst/public/p794583044.jpg
1291999,https://movie.douban.com/subject/1291999/,1994,重庆森林,8.6,重慶森林,王家卫,"林青霞,金城武,梁朝伟","剧情,爱情",https://img3.doubanio.com/view/movie_poster_cover/spst/public/p792381411.jpg
1292000,https://movie.douban.com/subject/1292000/,1999,搏击俱乐部,9,Fight Club,大卫·芬奇,"爱德华·诺顿,布拉德·皮特,海伦娜·伯翰·卡特","剧情,动作,悬疑",https://img1.doubanio.com/view/movie_poster_cover/spst/public/p1910926158.jpg
1292001,https://movie.douban.com/subject/1292001/,1998,海上钢琴师,9.2,La leggenda del pianista sull'oceano,朱塞佩·托纳多雷,"蒂姆·罗斯,普路特·泰勒·文斯,比尔·努恩","剧情,音乐",https://img1.doubanio.com/view/movie_poster_cover/spst/public/p511146957.jpg
1292052,https://movie.douban.com/subject/1292052/,1994,肖申克的救赎,9.6,The Shawshank Redemption,弗兰克·德拉邦特,"蒂姆·罗宾斯,摩根·弗里曼,鲍勃·冈顿","犯罪,剧情",https://img3.doubanio.com/view/movie_poster_cover/spst/public/p480747492.jpg
1292056,https://movie.douban.com/subject/1292056/,2002,蝴蝶,8.6,Le Papillon,费利普·弥勒,"米歇尔·塞罗尔,柯莱儿·布翁尼许,娜德·蒂约","剧情,儿童,喜剧",https://img3.doubanio.com/view/movie_poster_cover/spst/public/p1451436171.jpg
1292062,https://movie.douban.com/subject/1292062/,1999,美国丽人,8.4,American Beauty,萨姆·门德斯,"凯文·史派西,安妮特·贝宁,索拉·伯奇","剧情,家庭",https://img3.doubanio.com/view/movie_poster_cover/spst/public/p571671715.jpg
1292063,https://movie.douban.com/subject/1292063/,1997,美丽人生,9.5,La vita è bella,罗伯托·贝尼尼,"罗伯托·贝尼尼,尼可莱塔·布拉斯基,乔治·坎塔里尼","剧情,喜剧,爱情",https://img3.doubanio.com/view/movie_poster_cover/spst/public/p510861873.jpg
1292064,https://movie.douban.com/subject/1292064/,1998,楚门的世界,9,The Truman Show,彼得·威尔,"金·凯瑞,劳拉·琳妮,艾德·哈里斯","剧情,科幻",https://img3.doubanio.com/view/movie_poster_cover/spst/public/p479682972.jpg
1292208,https://movie.douban.com/subject/1292208/,2002,上帝之城,8.9,Cidade de Deus,"卡迪亚·兰德,费尔南多·梅里尔斯","亚历桑德雷·罗德里格斯,莱安德鲁·菲尔米诺,菲利佩·哈根森","犯罪,剧情",https://img3.doubanio.com/view/movie_poster_cover/spst/public/p455677490.jpg
1292213,https://movie.douban.com/subject/1292213/,1995,大话西游之大圣娶亲,9.2,西遊記大結局之仙履奇緣,刘镇伟,"周星驰,吴孟达,朱茵","动作,冒险,喜剧",https://img3.doubanio.com/view/movie_poster_cover/spst/public/p2455050536.jpg
1292214,https://movie.douban.com/subject/1292214/,1995,非常嫌疑犯,8.6,The Usual Suspects,布莱恩·辛格,"史蒂芬·鲍德温,加布里埃尔·伯恩,本尼西奥·德尔·托罗","剧情,犯罪,悬疑",https://img3.doubanio.com/view/movie_poster_cover/spst/public/p470383576.jpg
1292215,https://movie.douban.com/subject/1292215/,2001,天使爱美丽,8.7,Le fabuleux destin d'Amélie Poulain,让-皮埃尔·热内,"奥黛丽·塔图,马修·卡索维茨,吕菲斯","喜剧,爱情",https://img3.doubanio.com/view/movie_poster_cover/spst/public/p803896904.jpg
1292217,https://movie.douban.com/subject/1292217/,2001,穆赫兰道,8.3,Mulholland Dr.,大卫·林奇,"娜奥米·沃茨,劳拉·哈灵,安·米勒","剧情,悬疑,惊悚",https://img3.doubanio.com/view/movie_poster_cover/spst/public/p792248233.jpg
1292218,https://movie.douban.com/subject/1292218/,1998,中央车站,8.7,Central do Brasil,沃尔特·塞勒斯,"费尔兰德·蒙特纳哥,马里利娅·佩拉,文尼西斯·狄·奥利维拉",剧情,https://img3.doubanio.com/view/movie_poster_cover/spst/public/p2239441575.jpg
1292220,https://movie.douban.com/subject/1292220/,1995,情书,8.8,Love Letter,岩井俊二,"中山美穗,丰川悦司,酒井美纪","剧情,爱情",https://img1.doubanio.com/view/movie_poster_cover/spst/public/p449897379.jpg
1292223,https://movie.douban.com/subject/1292223/,1995,七宗罪,8.7,Se7en,大卫·芬奇,"摩根·弗里曼,布拉德·皮特,凯文·史派西","剧情,犯罪,悬疑",https://img3.doubanio.com/view/movie_poster_cover/spst/public/p457631605.jpg
1292224,https://movie.douban.com/subject/1292224/,1975,飞越疯人院,9,One Flew Over the Cuckoo's Nest,米洛斯·福尔曼,"杰克·尼科尔森,丹尼·德维托,克里斯托弗·洛伊德",剧情,https://img1.doubanio.com/view/movie_poster_cover/spst/public/p792238287.jpg
1292233,https://movie.douban.com/subject/1292233/,1971,发条橙,8.4,A Clockwork Orange,斯坦利·库布里克,"马尔科姆·麦克道威尔,帕特里克·马基,迈克尔·贝茨","犯罪,剧情,科幻",https://img3.doubanio.com/view/movie_poster_cover/spst/public/p529908155.jpg
1292262,https://movie.douban.com/subject/1292262/,1984,美国往事,9.1,Once Upon a Time in America,赛尔乔·莱翁内,"罗伯特·德尼罗,詹姆斯·伍兹,伊丽莎白·麦戈文","犯罪,剧情",https://img1.doubanio.com/view/movie_poster_cover/spst/public/p477229647.jpg
1292270,https://movie.douban.com/subject/1292270/,2000,梦之安魂曲,8.7,Requiem for a Dream,达伦·阿伦诺夫斯基,"艾伦·伯斯汀,杰瑞德·莱托,詹妮弗·康纳利",剧情,https://img3.doubanio.com/view/movie_poster_cover/spst/public/p884936202.jpg
1292274,https://movie.douban.com/subject/1292274/,2004,幸福终点站,8.6,The Terminal,史蒂文·斯皮尔伯格,"汤姆·汉克斯,凯瑟琳·泽塔-琼斯,斯坦利·图齐","喜剧,剧情,爱情",https://img1.doubanio.com/view/movie_poster_cover/spst/public/p854757687.jpg
1292281,https://movie.douban.com/subject/1292281/,2001,迁徙的鸟,9.1,Le peuple migrateur,"雅克·贝汉, 雅克·克鲁奥德,米歇尔·德巴",雅克·贝汉,纪录片,https://img1.doubanio.com/view/movie_poster_cover/spst/public/p2238274168.jpg
1292287,https://movie.douban.com/subject/1292287/,1992,新龙门客栈,8.4,新龍門客棧,李惠民,"张曼玉,林青霞,梁家辉","剧情,动作,武侠",https://img1.doubanio.com/view/movie_poster_cover/spst/public/p1421018669.jpg
1292328,https://movie.douban.com/subject/1292328/,1994,东邪西毒,8.6,東邪西毒,王家卫,"张国荣,张曼玉,梁朝伟","剧情,动作,爱情",https://img3.doubanio.com/view/movie_poster_cover/spst/public/p1982176012.jpg
1292329,https://movie.douban.com/subject/1292329/,1991,牯岭街少年杀人事件,8.7,牯嶺街少年殺人事件,杨德昌,"张震,杨静怡,张国柱","剧情,犯罪",https://img3.doubanio.com/view/movie_poster_cover/spst/public/p848381236.jpg
1292343,https://movie.douban.com/subject/1292343/,2004,蝴蝶效应,8.7,The Butterfly Effect,"埃里克·布雷斯,J·麦基·格鲁伯","阿什顿·库彻,梅罗拉·沃特斯,艾米·斯马特","剧情,悬疑,科幻",https://img1.doubanio.com/view/movie_poster_cover/spst/public/p2209066019.jpg
1292365,https://movie.douban.com/subject/1292365/,1994,活着,9.1,活着,张艺谋,"葛优,巩俐,姜武","剧情,家庭",https://img3.doubanio.com/view/movie_poster_cover/spst/public/p2173575484.jpg
1292370,https://movie.douban.com/subject/1292370/,1990,剪刀手爱德华,8.7,Edward Scissorhands,蒂姆·波顿,"约翰尼·德普,薇诺娜·瑞德,黛安·韦斯特","剧情,奇幻,爱情",https://img1.doubanio.com/view/movie_poster_cover/spst/public/p480956937.jpg
1292401,https://movie.douban.com/subject/1292401/,2003,真爱至上,8.5,Love Actually,理查德·柯蒂斯,"休·格兰特,科林·费尔斯,艾玛·汤普森","喜剧,剧情,爱情",https://img3.doubanio.com/view/movie_poster_cover/spst/public/p475600770.jpg
1292402,https://movie.douban.com/subject/1292402/,2000,西西里的美丽传说,8.7,Malèna,朱塞佩·托纳多雷,"莫妮卡·贝鲁奇,朱塞佩·苏尔法罗,Luciano Federico","剧情,战争,情色",https://img3.doubanio.com/view/movie_poster_cover/spst/public/p792400696.jpg
1292434,https://movie.douban.com/subject/1292434/,2000,一一,8.9,一一,杨德昌,"吴念真,李凯莉,金燕玲","剧情,爱情,家庭",https://img1.doubanio.com/view/movie_poster_cover/spst/public/p2119675128.jpg
1292528,https://movie.douban.com/subject/1292528/,1996,猜火车,8.5,Trainspotting,丹尼·博伊尔,"伊万·麦克格雷格,艾文·布莱纳,约翰尼·李·米勒","犯罪,剧情",https://img1.doubanio.com/view/movie_poster_cover/spst/public/p513567548.jpg
1292656,https://movie.douban.com/subject/1292656/,1997,心灵捕手,8.7,Good Will Hunting,格斯·范·桑特,"马特·达蒙,罗宾·威廉姆斯,本·阿弗莱克",剧情,https://img3.doubanio.com/view/movie_poster_cover/spst/public/p480965695.jpg
1292659,https://movie.douban.com/subject/1292659/,1997,变脸,8.4,Face/Off,吴宇森,"约翰·特拉沃尔塔,尼古拉斯·凯奇,琼·艾伦","动作,科幻,犯罪",https://img3.doubanio.com/view/movie_poster_cover/spst/public/p2173855883.jpg
1292679,https://movie.douban.com/subject/1292679/,1997,春光乍泄,8.8,春光乍洩,王家卫,"张国荣,梁朝伟,张震","剧情,爱情,同性",https://img3.doubanio.com/view/movie_poster_cover/spst/public/p465939041.jpg
1292720,https://movie.douban.com/subject/1292720/,1994,阿甘正传,9.4,Forrest Gump,罗伯特·泽米吉斯,"汤姆·汉克斯,罗宾·怀特,加里·西尼斯","剧情,爱情",https://img1.doubanio.com/view/movie_poster_cover/spst/public/p510876377.jpg
1292722,https://movie.douban.com/subject/1292722/,1997,泰坦尼克号,9.2,Titanic,詹姆斯·卡梅隆,"莱昂纳多·迪卡普里奥,凯特·温丝莱特,比利·赞恩","剧情,爱情,灾难",https://img3.doubanio.com/view/movie_poster_cover/spst/public/p457760035.jpg
1292728,https://movie.douban.com/subject/1292728/,1996,勇闯夺命岛,8.5,The Rock,迈克尔·贝,"肖恩·康纳利,尼古拉斯·凯奇,艾德·哈里斯","动作,冒险",https://img3.doubanio.com/view/movie_poster_cover/spst/public/p636048104.jpg
1292849,https://movie.douban.com/subject/1292849/,1998,拯救大兵瑞恩,8.8,Saving Private Ryan,史蒂文·斯皮尔伯格,"汤姆·汉克斯,汤姆·塞兹摩尔,爱德华·伯恩斯","剧情,历史,战争",https://img3.doubanio.com/view/movie_poster_cover/spst/public/p1014542496.jpg
1293172,https://movie.douban.com/subject/1293172/,1987,末代皇帝,8.9,The Last Emperor,贝纳尔多·贝托鲁奇,"尊龙,陈冲,彼得·奥图尔","剧情,传记,历史",https://img3.doubanio.com/view/movie_poster_cover/spst/public/p452088641.jpg
1293181,https://movie.douban.com/subject/1293181/,1960,惊魂记,8.8,Psycho,阿尔弗雷德·希区柯克,"珍妮特·利,安东尼·博金斯,维拉·迈尔斯","悬疑,恐怖",https://img3.doubanio.com/view/movie_poster_cover/spst/public/p1021883305.jpg
1293182,https://movie.douban.com/subject/1293182/,1957,十二怒汉,9.4,12 Angry Men,西德尼·吕美特,"亨利·方达,马丁·鲍尔萨姆,约翰·菲德勒",剧情,https://img3.doubanio.com/view/movie_poster_cover/spst/public/p2173577632.jpg
1293318,https://movie.douban.com/subject/1293318/,1988,萤火虫之墓,8.7,火垂るの墓,高畑勋,"辰己努,白石绫乃,志乃原良子","动画,剧情,战争",https://img1.doubanio.com/view/movie_poster_cover/spst/public/p1157334208.jpg
1293350,https://movie.douban.com/subject/1293350/,1998,两杆大烟枪,9,"Lock, Stock and Two Smoking Barrels",盖·里奇,"杰森·弗莱明,德克斯特·弗莱彻,尼克·莫兰","剧情,喜剧,犯罪",https://img1.doubanio.com/view/movie_poster_cover/spst/public/p792443418.jpg
1293359,https://movie.douban.com/subject/1293359/,1999,菊次郎的夏天,8.7,菊次郎の夏,北野武,"北野武,关口雄介,岸本加世子","剧情,喜剧",https://img3.doubanio.com/view/movie_poster_cover/spst/public/p751835224.jpg
1293460,https://movie.douban.com/subject/1293460/,1952,雨中曲,8.9,Singin' in the Rain,"斯坦利·多南,吉恩·凯利","吉恩·凯利,唐纳德·奥康纳,黛比·雷诺斯","喜剧,歌舞,爱情",https://img3.doubanio.com/view/movie_poster_cover/spst/public/p1612355875.jpg
1293544,https://movie.douban.com/subject/1293544/,1991,沉默的羔羊,8.7,The Silence of the Lambs,乔纳森·戴米,"朱迪·福斯特,安东尼·霍普金斯,斯科特·格伦","剧情,犯罪,惊悚",https://img1.doubanio.com/view/movie_poster_cover/spst/public/p1593414327.jpg
1293764,https://movie.douban.com/subject/1293764/,1990,与狼共舞,8.9,Dances with Wolves,凯文·科斯特纳,"凯文·科斯特纳,玛丽·麦克唐纳,格雷厄姆·格林","冒险,剧情,西部",https://img1.doubanio.com/view/movie_poster_cover/spst/public/p499158228.jpg
1293839,https://movie.douban.com/subject/1293839/,1953,罗马假日,8.9,Roman Holiday,威廉·惠勒,"奥黛丽·赫本,格利高里·派克,埃迪·艾伯特","喜剧,剧情,爱情",https://img3.doubanio.com/view/movie_poster_cover/spst/public/p2189265085.jpg
1293908,https://movie.douban.com/subject/1293908/,1931,城市之光,9.2,City Lights,查理·卓别林,"查理·卓别林,弗吉尼亚·切瑞尔,佛罗伦斯·李","喜剧,剧情,爱情",https://img3.doubanio.com/view/movie_poster_cover/spst/public/p2099815842.jpg
1293929,https://movie.douban.com/subject/1293929/,1995,廊桥遗梦,8.5,The Bridges of Madison County,克林特·伊斯特伍德,"克林特·伊斯特伍德,梅丽尔·斯特里普,安妮·科利","剧情,爱情",https://img1.doubanio.com/view/movie_poster_cover/spst/public/p2190558219.jpg
1293964,https://movie.douban.com/subject/1293964/,1940,魂断蓝桥,8.8,Waterloo Bridge,茂文·勒鲁瓦,"费雯·丽,罗伯特·泰勒,露塞尔·沃特森","剧情,战争,爱情",https://img1.doubanio.com/view/movie_poster_cover/spst/public/p2351134499.jpg
1294240,https://movie.douban.com/subject/1294240/,1990,教父3,8.7,The Godfather: Part III,弗朗西斯·福特·科波拉,"阿尔·帕西诺,黛安·基顿,塔莉娅·夏尔","剧情,犯罪",https://img3.doubanio.com/view/movie_poster_cover/spst/public/p2169664351.jpg
1294371,https://movie.douban.com/subject/1294371/,1936,摩登时代,9.2,Modern Times,查理·卓别林,"查理·卓别林,宝莲·高黛,亨利·伯格曼","喜剧,剧情,爱情",https://img3.doubanio.com/view/movie_poster_cover/spst/public/p2173707976.jpg
1294408,https://movie.douban.com/subject/1294408/,1965,音乐之声,8.9,The Sound of Music,罗伯特·怀斯,"朱莉·安德鲁斯,克里斯托弗·普卢默,埃琳诺·帕克","剧情,爱情,歌舞",https://img1.doubanio.com/view/movie_poster_cover/spst/public/p453788577.jpg
1294638,https://movie.douban.com/subject/1294638/,1982,E.T. 外星人,8.5,E.T.: The Extra-Terrestrial,史蒂文·斯皮尔伯格,"亨利·托马斯,迪·沃伦斯,罗伯特·麦克纳夫顿","剧情,科幻",https://img3.doubanio.com/view/movie_poster_cover/spst/public/p984732992.jpg
1294639,https://movie.douban.com/subject/1294639/,1995,勇敢的心,8.8,Braveheart,梅尔·吉布森,"梅尔·吉布森,苏菲·玛索,布莱恩·考克斯","动作,传记,剧情",https://img3.doubanio.com/view/movie_poster_cover/spst/public/p1374546770.jpg
1295038,https://movie.douban.com/subject/1295038/,2001,哈利·波特与魔法石,8.6,Harry Potter and the Sorcerer's Stone,克里斯·哥伦布,"丹尼尔·雷德克里夫,艾玛·沃森,鲁伯特·格林特","奇幻,冒险",https://img3.doubanio.com/view/movie_poster_cover/spst/public/p804947166.jpg
1295124,https://movie.douban.com/subject/1295124/,1993,辛德勒的名单,9.4,Schindler's List,史蒂文·斯皮尔伯格,"连姆·尼森,本·金斯利,拉尔夫·费因斯","剧情,历史,战争",https://img3.doubanio.com/view/movie_poster_cover/spst/public/p492406163.jpg
1295399,https://movie.douban.com/subject/1295399/,1954,七武士,9.2,七人の侍,黑泽明,"三船敏郎,志村乔,稻叶义男","动作,冒险,剧情",https://img3.doubanio.com/view/movie_poster_cover/spst/public/p647099823.jpg
1295409,https://movie.douban.com/subject/1295409/,1991,纵横四海,8.7,緃横四海,吴宇森,"周润发,张国荣,钟楚红","剧情,喜剧,动作",https://img3.doubanio.com/view/movie_poster_cover/spst/public/p2173708731.jpg
1295644,https://movie.douban.com/subject/1295644/,1994,这个杀手不太冷,9.4,Léon,吕克·贝松,"让·雷诺,娜塔莉·波特曼,加里·奥德曼","剧情,动作,犯罪",https://img3.doubanio.com/view/movie_poster_cover/spst/public/p511118051.jpg
1295865,https://movie.douban.com/subject/1295865/,1994,燃情岁月,8.8,Legends of the Fall,爱德华·兹威克,"安东尼·霍普金斯,布拉德·皮特,朱莉娅·奥蒙德","剧情,爱情,西部",https://img1.doubanio.com/view/movie_poster_cover/spst/public/p1023654037.jpg
1296141,https://movie.douban.com/subject/1296141/,1957,控方证人,9.6,Witness for the Prosecution,比利·怀德,"泰隆·鲍华,玛琳·黛德丽,查尔斯·劳顿","剧情,犯罪,悬疑",https://img1.doubanio.com/view/movie_poster_cover/spst/public/p1505392928.jpg
1296339,https://movie.douban.com/subject/1296339/,1995,爱在黎明破晓前,8.7,Before Sunrise,理查德·林克莱特,"伊桑·霍克,朱莉·德尔佩,安德莉亚·埃克特","剧情,爱情",https://img3.doubanio.com/view/movie_poster_cover/spst/public/p1486234122.jpg
1296736,https://movie.douban.com/subject/1296736/,2002,钢琴家,9,The Pianist,罗曼·波兰斯基,"艾德里安·布洛迪,托马斯·克莱舒曼,艾米莉娅·福克斯","剧情,传记,历史",https://img3.doubanio.com/view/movie_poster_cover/spst/public/p792484461.jpg
1296753,https://movie.douban.com/subject/1296753/,1942,卡萨布兰卡,8.6,Casablanca,迈克尔·柯蒂斯,"亨弗莱·鲍嘉,英格丽·褒曼,保罗·亨雷德","剧情,爱情,战争",https://img3.doubanio.com/view/movie_poster_cover/spst/public/p1244791866.jpg
1296909,https://movie.douban.com/subject/1296909/,1966,虎口脱险,8.9,La grande vadrouille,热拉尔·乌里,"路易·德·菲耐斯,布尔维尔,克劳迪奥·布鲁克","喜剧,战争",https://img3.doubanio.com/view/movie_poster_cover/spst/public/p2399597512.jpg
1297052,https://movie.douban.com/subject/1297052/,1995,侧耳倾听,8.8,耳をすませば,近藤喜文,"本名阳子,小林桂树,高山南","剧情,爱情,动画",https://img3.doubanio.com/view/movie_poster_cover/spst/public/p456692072.jpg
1297192,https://movie.douban.com/subject/1297192/,2003,致命ID,8.6,Identity,詹姆斯·曼高德,"约翰·库萨克,雷·利奥塔,阿曼达·皮特","剧情,悬疑,惊悚",https://img3.doubanio.com/view/movie_poster_cover/spst/public/p453720880.jpg
1297359,https://movie.douban.com/subject/1297359/,1997,幽灵公主,8.8,もののけ姫,宫崎骏,"松田洋治,石田百合子,田中裕子","动作,爱情,战争",https://img3.doubanio.com/view/movie_poster_cover/spst/public/p1613191025.jpg
1297447,https://movie.douban.com/subject/1297447/,1987,倩女幽魂,8.6,倩女幽魂,程小东,"张国荣,王祖贤,午马","剧情,爱情,武侠",https://img3.doubanio.com/view/movie_poster_cover/spst/public/p2414157745.jpg
1297478,https://movie.douban.com/subject/1297478/,1980,上帝也疯狂,8.6,The Gods Must Be Crazy,加美·尤伊斯,"Marius Weyers,Sandra Prinsloo,历苏",喜剧,https://img1.doubanio.com/view/movie_poster_cover/spst/public/p2173719647.jpg
1297574,https://movie.douban.com/subject/1297574/,1986,英雄本色,8.7,英雄本色,吴宇森,"周润发,狄龙,张国荣","动作,犯罪",https://img3.doubanio.com/view/movie_poster_cover/spst/public/p2157672975.jpg
1297630,https://movie.douban.com/subject/1297630/,1999,第六感,8.8,The Sixth Sense,M·奈特·沙马兰,"布鲁斯·威利斯,海利·乔·奥斯蒙,托妮·科莱特","剧情,悬疑,恐怖",https://img3.doubanio.com/view/movie_poster_cover/spst/public/p2220184425.jpg
1298070,https://movie.douban.com/subject/1298070/,2003,加勒比海盗,8.6,Pirates of the Caribbean: The Curse of the Black Pearl,戈尔·维宾斯基,"约翰尼·德普,杰弗里·拉什,奥兰多·布鲁姆","动作,冒险,奇幻",https://img3.doubanio.com/view/movie_poster_cover/spst/public/p1596085504.jpg
1298624,https://movie.douban.com/subject/1298624/,1992,闻香识女人,8.9,Scent of a Woman,马丁·布莱斯,"阿尔·帕西诺,克里斯·奥唐纳,詹姆斯·瑞布霍恩",剧情,https://img1.doubanio.com/view/movie_poster_cover/spst/public/p925123037.jpg
1298653,https://movie.douban.com/subject/1298653/,2000,荒岛余生,8.4,Cast Away,罗伯特·泽米吉斯,"汤姆·汉克斯,海伦·亨特,克里斯·诺斯","冒险,剧情",https://img1.doubanio.com/view/movie_poster_cover/spst/public/p1341248319.jpg
1299131,https://movie.douban.com/subject/1299131/,1974,教父2,9.1,The Godfather: Part Ⅱ,弗朗西斯·福特·科波拉,"阿尔·帕西诺,罗伯特·杜瓦尔,黛安·基顿","剧情,犯罪",https://img3.doubanio.com/view/movie_poster_cover/spst/public/p616779231.jpg
1299327,https://movie.douban.com/subject/1299327/,1994,夜访吸血鬼,8.3,Interview with the Vampire: The Vampire Chronicles,尼尔·乔丹,"布拉德·皮特,汤姆·克鲁斯,克斯汀·邓斯特","剧情,奇幻,惊悚",https://img3.doubanio.com/view/movie_poster_cover/spst/public/p1353910572.jpg
1299361,https://movie.douban.com/subject/1299361/,2002,爱·回家,9,집으로...,李廷香,"金艺芬,俞承豪,童孝熙","剧情,儿童,家庭",https://img3.doubanio.com/view/movie_poster_cover/spst/public/p2107418134.jpg
1299398,https://movie.douban.com/subject/1299398/,1995,大话西游之月光宝盒,8.9,西遊記第壹佰零壹回之月光寶盒,刘镇伟,"周星驰,吴孟达,罗家英","喜剧,动作,爱情",https://img3.doubanio.com/view/movie_poster_cover/spst/public/p1280323646.jpg
1300117,https://movie.douban.com/subject/1300117/,1997,千钧一发,8.7,Gattaca,安德鲁·尼科尔,"伊桑·霍克,乌玛·瑟曼,裘德·洛","剧情,科幻",https://img3.doubanio.com/view/movie_poster_cover/spst/public/p2195672555.jpg
1300267,https://movie.douban.com/subject/1300267/,1939,乱世佳人,9.2,Gone with the Wind,"维克多·弗莱明,乔治·库克,山姆·伍德","克拉克·盖博,费雯·丽,莱斯利·霍华德","剧情,爱情,战争",https://img3.doubanio.com/view/movie_poster_cover/spst/public/p1963126880.jpg
1300299,https://movie.douban.com/subject/1300299/,2003,杀人回忆,8.6,살인의 추억,奉俊昊,"宋康昊,金相庆,金雷河","犯罪,剧情,悬疑",https://img1.doubanio.com/view/movie_poster_cover/spst/public/p480225538.jpg
1300374,https://movie.douban.com/subject/1300374/,1999,绿里奇迹,8.7,The Green Mile,弗兰克·德拉邦特,"汤姆·汉克斯,大卫·摩斯,迈克·克拉克·邓肯","犯罪,剧情,奇幻",https://img3.doubanio.com/view/movie_poster_cover/spst/public/p767586451.jpg
1300741,https://movie.douban.com/subject/1300741/,1999,枪火,8.6,鎗火,杜琪峰,"吴镇宇,任达华,黄秋生","剧情,动作,犯罪",https://img3.doubanio.com/view/movie_poster_cover/spst/public/p1538646661.jpg
1300960,https://movie.douban.com/subject/1300960/,1988,碧海蓝天,8.7,Le grand bleu,吕克·贝松,"让-马克·巴尔,让·雷诺,罗姗娜·阿奎特","剧情,爱情",https://img1.doubanio.com/view/movie_poster_cover/spst/public/p455724599.jpg
1300992,https://movie.douban.com/subject/1300992/,1993,完美的世界,9,A Perfect World,克林特·伊斯特伍德,"凯文·科斯特纳,劳拉·邓恩,克林特·伊斯特伍德","剧情,犯罪",https://img3.doubanio.com/view/movie_poster_cover/spst/public/p792403691.jpg
1301171,https://movie.douban.com/subject/1301171/,2000,偷拐抢骗,8.5,Snatch,盖·里奇,"布拉德·皮特,本尼西奥·德尔·托罗,杰森·斯坦森","喜剧,犯罪",https://img1.doubanio.com/view/movie_poster_cover/spst/public/p616753227.jpg
1301753,https://movie.douban.com/subject/1301753/,1994,狮子王,8.9,The Lion King,"罗杰·阿勒斯,罗伯·明可夫","乔纳森·泰勒·托马斯,马修·布罗德里克,杰瑞米·艾恩斯","剧情,动画,冒险",https://img1.doubanio.com/view/movie_poster_cover/spst/public/p2277799019.jpg
1302425,https://movie.douban.com/subject/1302425/,1999,喜剧之王,8.5,喜劇之王,"周星驰,李力持","周星驰,张柏芝,莫文蔚","喜剧,剧情,爱情",https://img3.doubanio.com/view/movie_poster_cover/spst/public/p1043597424.jpg
1302467,https://movie.douban.com/subject/1302467/,2003,黑客帝国3：矩阵革命,8.5,The Matrix Revolutions,"莉莉·沃卓斯基,拉娜·沃卓斯基","基努·里维斯,劳伦斯·菲什伯恩,凯瑞-安·莫斯","动作,科幻",https://img1.doubanio.com/view/movie_poster_cover/spst/public/p443461818.jpg
1302476,https://movie.douban.com/subject/1302476/,2001,麦兜故事,8.5,麥兜故事,袁建滔,"李晋纬,林海峰,吴君如","剧情,喜剧,动画",https://img3.doubanio.com/view/movie_poster_cover/spst/public/p804938713.jpg
1302827,https://movie.douban.com/subject/1302827/,2001,人工智能,8.6,Artificial Intelligence: AI,史蒂文·斯皮尔伯格,"海利·乔·奥斯蒙,弗兰西丝·奥康纳,山姆·洛巴兹","冒险,剧情,科幻",https://img1.doubanio.com/view/movie_poster_cover/spst/public/p792257137.jpg
1303021,https://movie.douban.com/subject/1303021/,1997,小鞋子,9.2,بچههای آسمان,马基德·马基迪,"Amir Farrokh Hashemian,默罕默德·阿米尔·纳吉,Bahare Seddiqi","剧情,家庭,儿童",https://img3.doubanio.com/view/movie_poster_cover/spst/public/p2173580603.jpg
1303037,https://movie.douban.com/subject/1303037/,1993,喜宴,8.8,喜宴,李安,"赵文瑄,归亚蕾,金素梅","剧情,喜剧,爱情",https://img3.doubanio.com/view/movie_poster_cover/spst/public/p2173713676.jpg
1303394,https://movie.douban.com/subject/1303394/,1993,青蛇,8.4,青蛇,徐克,"张曼玉,王祖贤,赵文卓","剧情,奇幻,古装",https://img3.doubanio.com/view/movie_poster_cover/spst/public/p584021784.jpg
1304102,https://movie.douban.com/subject/1304102/,2002,谍影重重,8.5,The Bourne Identity,道格·里曼,"马特·达蒙,弗朗卡·波滕特,克里斯·库珀","动作,悬疑,惊悚",https://img3.doubanio.com/view/movie_poster_cover/spst/public/p1597183981.jpg
1304447,https://movie.douban.com/subject/1304447/,2000,记忆碎片,8.5,Memento,克里斯托弗·诺兰,"盖·皮尔斯,凯瑞-安·莫斯,乔·潘托里亚诺","犯罪,剧情,悬疑",https://img3.doubanio.com/view/movie_poster_cover/spst/public/p641688453.jpg
1305164,https://movie.douban.com/subject/1305164/,1996,甜蜜蜜,8.7,甜蜜蜜,陈可辛,"黎明,张曼玉,杨恭如","剧情,爱情",https://img3.doubanio.com/view/movie_poster_cover/spst/public/p1962839732.jpg
1305487,https://movie.douban.com/subject/1305487/,2002,猫鼠游戏,8.7,Catch Me If You Can,史蒂文·斯皮尔伯格,"莱昂纳多·迪卡普里奥,汤姆·汉克斯,克里斯托弗·沃肯","传记,犯罪,剧情",https://img3.doubanio.com/view/movie_poster_cover/spst/public/p453924541.jpg
1305690,https://movie.douban.com/subject/1305690/,1990,阿飞正传,8.5,阿飛正傳,王家卫,"张国荣,张曼玉,刘嘉玲","犯罪,剧情,爱情",https://img3.doubanio.com/view/movie_poster_cover/spst/public/p924558512.jpg
1305725,https://movie.douban.com/subject/1305725/,2003,大卫·戈尔的一生,8.7,The Life of David Gale,艾伦·帕克,"凯文·史派西,凯特·温丝莱特,劳拉·琳妮","剧情,犯罪,悬疑",https://img1.doubanio.com/view/movie_poster_cover/spst/public/p2186861098.jpg
1306029,https://movie.douban.com/subject/1306029/,2001,美丽心灵,8.9,A Beautiful Mind,朗·霍华德,"罗素·克劳,詹妮弗·康纳利,艾德·哈里斯","传记,剧情",https://img3.doubanio.com/view/movie_poster_cover/spst/public/p1665997400.jpg
1306249,https://movie.douban.com/subject/1306249/,1993,唐伯虎点秋香,8.4,唐伯虎點秋香,李力持,"周星驰,巩俐,陈百祥","喜剧,爱情,古装",https://img3.doubanio.com/view/movie_poster_cover/spst/public/p1946455272.jpg
1306861,https://movie.douban.com/subject/1306861/,2001,我是山姆,8.8,I Am Sam,杰茜·尼尔森,"西恩·潘,达科塔·范宁,米歇尔·菲佛","剧情,家庭",https://img3.doubanio.com/view/movie_poster_cover/spst/public/p652417775.jpg
1307315,https://movie.douban.com/subject/1307315/,1979,哪吒闹海,8.8,哪吒闹海,"严定宪,王树忱,徐景达","梁正晖,邱岳峰,毕克","冒险,动画,奇幻",https://img1.doubanio.com/view/movie_poster_cover/spst/public/p2163636038.jpg
1307793,https://movie.douban.com/subject/1307793/,1996,燕尾蝶,8.6,スワロウテイル,岩井俊二,"三上博史,恰拉,伊藤步","犯罪,剧情",https://img3.doubanio.com/view/movie_poster_cover/spst/public/p532195562.jpg
1307811,https://movie.douban.com/subject/1307811/,1989,魔女宅急便,8.4,魔女の宅急便,宫崎骏,"高山南,佐久间玲,山口胜平","动画,奇幻,冒险",https://img3.doubanio.com/view/movie_poster_cover/spst/public/p456676352.jpg
1307914,https://movie.douban.com/subject/1307914/,2002,无间道,9,無間道,"刘伟强,麦兆辉","刘德华,梁朝伟,黄秋生","剧情,犯罪,悬疑",https://img3.doubanio.com/view/movie_poster_cover/spst/public/p2233971046.jpg
1308575,https://movie.douban.com/subject/1308575/,2002,蓝色大门,8.3,藍色大門,易智言,"桂纶镁,陈柏霖,梁又琳","剧情,爱情,同性",https://img3.doubanio.com/view/movie_poster_cover/spst/public/p584822570.jpg
1308767,https://movie.douban.com/subject/1308767/,2004,谍影重重2,8.5,The Bourne Supremacy,保罗·格林格拉斯,"马特·达蒙,弗朗卡·波滕特,布莱恩·考克斯","动作,悬疑,惊悚",https://img3.doubanio.com/view/movie_poster_cover/spst/public/p667644866.jpg
1308777,https://movie.douban.com/subject/1308777/,2004,暖暖内含光,8.4,Eternal Sunshine of the Spotless Mind,米歇尔·贡德里,"金·凯瑞,凯特·温丝莱特,伊利亚·伍德","剧情,爱情,奇幻",https://img3.doubanio.com/view/movie_poster_cover/spst/public/p479565065.jpg
1308807,https://movie.douban.com/subject/1308807/,2004,哈尔的移动城堡,8.9,ハウルの動く城,宫崎骏,"倍赏千惠子,木村拓哉,美轮明宏","爱情,动画,奇幻",https://img3.doubanio.com/view/movie_poster_cover/spst/public/p2174346180.jpg
1308857,https://movie.douban.com/subject/1308857/,2004,可可西里,8.6,可可西里,陆川,"多布杰,张正阳,亓亮","剧情,犯罪",https://img3.doubanio.com/view/movie_poster_cover/spst/public/p2363208684.jpg
1309027,https://movie.douban.com/subject/1309027/,2005,罪恶之城,8.4,Sin City,"弗兰克·米勒,罗伯特·罗德里格兹,昆汀·塔伦蒂诺","杰西卡·阿尔芭,布鲁斯·威利斯,克里夫·欧文","动作,犯罪,惊悚",https://img1.doubanio.com/view/movie_poster_cover/spst/public/p2173716829.jpg
1309046,https://movie.douban.com/subject/1309046/,2005,V字仇杀队,8.8,V for Vendetta,詹姆斯·麦克特格,"娜塔莉·波特曼,雨果·维文,斯蒂芬·瑞","剧情,动作,科幻",https://img3.doubanio.com/view/movie_poster_cover/spst/public/p1465235231.jpg
1309163,https://movie.douban.com/subject/1309163/,2004,恋恋笔记本,8.5,The Notebook,尼克·卡索维茨,"瑞恩·高斯林,瑞秋·麦克亚当斯,吉娜·罗兰兹","剧情,爱情",https://img3.doubanio.com/view/movie_poster_cover/spst/public/p483604864.jpg
1316510,https://movie.douban.com/subject/1316510/,1993,射雕英雄传之东成西就,8.7,射鵰英雄傳之東成西就,刘镇伟,"梁朝伟,林青霞,张国荣","喜剧,古装",https://img3.doubanio.com/view/movie_poster_cover/spst/public/p1993903133.jpg
1388216,https://movie.douban.com/subject/1388216/,2004,撞车,8.6,Crash,保罗·哈吉斯,"桑德拉·布洛克,唐·钱德尔,马特·狄龙","犯罪,剧情",https://img3.doubanio.com/view/movie_poster_cover/spst/public/p2075132390.jpg
1395091,https://movie.douban.com/subject/1395091/,1997,未麻的部屋,8.8,Perfect Blue,今敏,"岩男润子,松本梨香,辻亲八","动画,奇幻,惊悚",https://img3.doubanio.com/view/movie_poster_cover/spst/public/p1351050722.jpg
1397546,https://movie.douban.com/subject/1397546/,1998,追随,8.9,Following,克里斯托弗·诺兰,"杰里米·西奥伯德,亚历克斯·霍,露西·拉塞尔","犯罪,悬疑,惊悚",https://img1.doubanio.com/view/movie_poster_cover/spst/public/p1150103377.jpg
1401118,https://movie.douban.com/subject/1401118/,1966,黄金三镖客,9.1,"Il buono, il brutto, il cattivo.",赛尔乔·莱翁内,"克林特·伊斯特伍德,埃里·瓦拉赫,李·范·克里夫","冒险,西部",https://img1.doubanio.com/view/movie_poster_cover/spst/public/p2101693489.jpg
1417598,https://movie.douban.com/subject/1417598/,2004,电锯惊魂,8.6,Saw,温子仁,"雷·沃纳尔,加利·艾尔维斯,丹尼·格洛弗","犯罪,悬疑,惊悚",https://img3.doubanio.com/view/movie_poster_cover/spst/public/p2163771304.jpg
1418019,https://movie.douban.com/subject/1418019/,1961,大闹天宫,9.2,大闹天宫,"万籁鸣,唐澄","邱岳峰,富润生,毕克","动画,奇幻",https://img1.doubanio.com/view/movie_poster_cover/spst/public/p2184505167.jpg
1418200,https://movie.douban.com/subject/1418200/,2005,傲慢与偏见,8.4,Pride & Prejudice,乔·赖特,"凯拉·奈特莉,马修·麦克费登,唐纳德·萨瑟兰","剧情,爱情",https://img3.doubanio.com/view/movie_poster_cover/spst/public/p452005185.jpg
1418834,https://movie.douban.com/subject/1418834/,2005,断背山,8.6,Brokeback Mountain,李安,"希斯·莱杰,杰克·吉伦哈尔,米歇尔·威廉姆斯","剧情,爱情,同性",https://img1.doubanio.com/view/movie_poster_cover/spst/public/p513535588.jpg
1419936,https://movie.douban.com/subject/1419936/,2005,战争之王,8.5,Lord of War,安德鲁·尼科尔,"尼古拉斯·凯奇,布丽姬·穆娜,杰瑞德·莱托","剧情,犯罪",https://img3.doubanio.com/view/movie_poster_cover/spst/public/p453719066.jpg
1428175,https://movie.douban.com/subject/1428175/,2006,血钻,8.5,Blood Diamond,爱德华·兹威克,"莱昂纳多·迪卡普里奥,詹妮弗·康纳利,杰曼·翰苏","剧情,惊悚,冒险",https://img1.doubanio.com/view/movie_poster_cover/spst/public/p554741987.jpg
1438652,https://movie.douban.com/subject/1438652/,2009,无耻混蛋,8.4,Inglourious Basterds,昆汀·塔伦蒂诺,"布拉德·皮特,梅拉尼·罗兰,克里斯托弗·瓦尔茨","剧情,犯罪",https://img3.doubanio.com/view/movie_poster_cover/spst/public/p770734475.jpg
1485260,https://movie.douban.com/subject/1485260/,2008,本杰明·巴顿奇事,8.7,The Curious Case of Benjamin Button,大卫·芬奇,"凯特·布兰切特,布拉德·皮特,朱莉娅·奥蒙德","剧情,爱情,奇幻",https://img3.doubanio.com/view/movie_poster_cover/spst/public/p2177269645.jpg
1578507,https://movie.douban.com/subject/1578507/,2007,谍影重重3,8.7,The Bourne Ultimatum,保罗·格林格拉斯,"马特·达蒙,朱丽娅·斯蒂尔斯,大卫·斯特雷泽恩","动作,悬疑,惊悚",https://img1.doubanio.com/view/movie_poster_cover/spst/public/p792223507.jpg
1652587,https://movie.douban.com/subject/1652587/,2009,阿凡达,8.6,Avatar,詹姆斯·卡梅隆,"萨姆·沃辛顿,佐伊·索尔达娜,西格妮·韦弗","动作,冒险,奇幻",https://img1.doubanio.com/view/movie_poster_cover/spst/public/p2180085848.jpg
1760622,https://movie.douban.com/subject/1760622/,2006,香水,8.4,Perfume: The Story of a Murderer,汤姆·提克威,"本·卫肖,艾伦·瑞克曼,蕾切儿·哈伍德","剧情,犯罪,奇幻",https://img1.doubanio.com/view/movie_poster_cover/spst/public/p470006658.jpg
1780330,https://movie.douban.com/subject/1780330/,2006,致命魔术,8.8,The Prestige,克里斯托弗·诺兰,"克里斯蒂安·贝尔,休·杰克曼,迈克尔·凯恩","剧情,悬疑,惊悚",https://img3.doubanio.com/view/movie_poster_cover/spst/public/p480383375.jpg
1787291,https://movie.douban.com/subject/1787291/,2006,被嫌弃的松子的一生,8.9,嫌われ松子の一生,中岛哲也,"中谷美纪,瑛太,香川照之","剧情,歌舞",https://img1.doubanio.com/view/movie_poster_cover/spst/public/p453723669.jpg
1793929,https://movie.douban.com/subject/1793929/,2013,达拉斯买家俱乐部,8.6,Dallas Buyers Club,让-马克·瓦雷,"马修·麦康纳,詹妮弗·加纳,杰瑞德·莱托","剧情,传记,同性",https://img1.doubanio.com/view/movie_poster_cover/spst/public/p2166160837.jpg
1849031,https://movie.douban.com/subject/1849031/,2006,当幸福来敲门,8.9,The Pursuit of Happyness,加布里埃莱·穆奇诺,"威尔·史密斯,贾登·史密斯,坦迪·牛顿","剧情,传记,家庭",https://img1.doubanio.com/view/movie_poster_cover/spst/public/p1312700628.jpg
1851857,https://movie.douban.com/subject/1851857/,2008,蝙蝠侠：黑暗骑士,9,The Dark Knight,克里斯托弗·诺兰,"克里斯蒂安·贝尔,希斯·莱杰,艾伦·艾克哈特","剧情,动作,科幻",https://img3.doubanio.com/view/movie_poster_cover/spst/public/p462657443.jpg
1858711,https://movie.douban.com/subject/1858711/,2010,玩具总动员3,8.7,Toy Story 3,李·昂克里奇,"汤姆·汉克斯,蒂姆·艾伦,琼·库萨克","喜剧,动画,奇幻",https://img1.doubanio.com/view/movie_poster_cover/spst/public/p1283675359.jpg
1862151,https://movie.douban.com/subject/1862151/,2006,疯狂的石头,8.2,疯狂的石头,宁浩,"郭涛,刘桦,连晋","喜剧,犯罪",https://img3.doubanio.com/view/movie_poster_cover/spst/public/p712241453.jpg
1865703,https://movie.douban.com/subject/1865703/,2006,红辣椒,8.8,パプリカ,今敏,"林原惠美,古谷彻,江守彻","动画,悬疑,科幻",https://img3.doubanio.com/view/movie_poster_cover/spst/public/p672363704.jpg
1867345,https://movie.douban.com/subject/1867345/,2007,遗愿清单,8.5,The Bucket List,罗伯·莱纳,"杰克·尼科尔森,摩根·弗里曼,西恩·海耶斯","冒险,喜剧,剧情",https://img3.doubanio.com/view/movie_poster_cover/spst/public/p708613284.jpg
1889243,https://movie.douban.com/subject/1889243/,2014,星际穿越,9.1,Interstellar,克里斯托弗·诺兰,"马修·麦康纳,安妮·海瑟薇,杰西卡·查斯坦","剧情,科幻,冒险",https://img3.doubanio.com/view/movie_poster_cover/spst/public/p2206088801.jpg
1900841,https://movie.douban.com/subject/1900841/,2006,窃听风暴,9.1,Das Leben der Anderen,弗洛里安·亨克尔·冯·多纳斯马尔克,"乌尔里希·穆埃,马蒂娜·格德克,塞巴斯蒂安·科赫","剧情,悬疑",https://img1.doubanio.com/view/movie_poster_cover/spst/public/p1808872109.jpg
1905462,https://movie.douban.com/subject/1905462/,2007,荒野生存,8.6,Into the Wild,西恩·潘,"埃米尔·赫施,马西娅·盖伊·哈登,威廉·赫特","冒险,传记,剧情",https://img1.doubanio.com/view/movie_poster_cover/spst/public/p465687407.jpg
1907966,https://movie.douban.com/subject/1907966/,2013,疯狂原始人,8.7,The Croods,"柯克·德·米科,克里斯·桑德斯","尼古拉斯·凯奇,瑞恩·雷诺兹,艾玛·斯通","喜剧,动画,冒险",https://img1.doubanio.com/view/movie_poster_cover/spst/public/p1867084027.jpg
1929463,https://movie.douban.com/subject/1929463/,2012,少年派的奇幻漂流,9,Life of Pi,李安,"苏拉·沙玛,拉菲·斯波,伊尔凡·可汗","剧情,奇幻,冒险",https://img3.doubanio.com/view/movie_poster_cover/spst/public/p1784592701.jpg
1937946,https://movie.douban.com/subject/1937946/,2006,穿越时空的少女,8.6,時をかける少女,细田守,"仲里依纱,石田卓也,板仓光隆","剧情,爱情,科幻",https://img3.doubanio.com/view/movie_poster_cover/spst/public/p2079334286.jpg
1959195,https://movie.douban.com/subject/1959195/,1987,忠犬八公物语,9,ハチ公物語,神山征二郎,"山本圭,井川比佐志,片桐入",剧情,https://img3.doubanio.com/view/movie_poster_cover/spst/public/p2297934945.jpg
1978709,https://movie.douban.com/subject/1978709/,2010,黑天鹅,8.5,Black Swan,达伦·阿伦诺夫斯基,"娜塔莉·波特曼,米拉·库尼斯,薇诺娜·瑞德","剧情,惊悚",https://img3.doubanio.com/view/movie_poster_cover/spst/public/p719282906.jpg
2043546,https://movie.douban.com/subject/2043546/,2007,秒速5厘米,8.3,秒速5センチメートル,新海诚,"水桥研二,近藤好美 ,尾上绫华","动画,剧情,爱情",https://img3.doubanio.com/view/movie_poster_cover/spst/public/p982896012.jpg
2053515,https://movie.douban.com/subject/2053515/,2006,曾经,8.3,Once,约翰·卡尼,"格伦·汉塞德,玛可塔·伊尔格洛娃,Alaistair Foley","剧情,音乐,爱情",https://img3.doubanio.com/view/movie_poster_cover/spst/public/p2173720203.jpg
2129039,https://movie.douban.com/subject/2129039/,2009,飞屋环游记,8.9,Up,彼特·道格特,"爱德华·阿斯纳,克里斯托弗·普卢默,乔丹·长井","剧情,喜剧,动画",https://img3.doubanio.com/view/movie_poster_cover/spst/public/p465583562.jpg
2131459,https://movie.douban.com/subject/2131459/,2008,机器人总动员,9.3,WALL·E,安德鲁·斯坦顿,"本·贝尔特,艾丽莎·奈特,杰夫·格尔林","喜剧,爱情,科幻",https://img3.doubanio.com/view/movie_poster_cover/spst/public/p449665982.jpg
2149806,https://movie.douban.com/subject/2149806/,2008,入殓师,8.8,おくりびと,泷田洋二郎,"本木雅弘,广末凉子,山崎努",剧情,https://img1.doubanio.com/view/movie_poster_cover/spst/public/p594972928.jpg
2209573,https://movie.douban.com/subject/2209573/,2008,贫民窟的百万富翁,8.5,Slumdog Millionaire,"丹尼·博伊尔,洛芙琳·坦丹","戴夫·帕特尔,芙蕾达·平托,亚尼·卡普","剧情,爱情",https://img1.doubanio.com/view/movie_poster_cover/spst/public/p470476887.jpg
2213597,https://movie.douban.com/subject/2213597/,2008,朗读者,8.5,The Reader,史蒂芬·戴德利,"凯特·温丝莱特,拉尔夫·费因斯,大卫·克劳斯","剧情,爱情",https://img1.doubanio.com/view/movie_poster_cover/spst/public/p1140984198.jpg
2297265,https://movie.douban.com/subject/2297265/,2008,浪潮,8.7,Die Welle,丹尼斯·甘塞尔,"于尔根·福格尔,弗雷德里克·劳,马克思·雷迈特","剧情,惊悚",https://img3.doubanio.com/view/movie_poster_cover/spst/public/p1344888983.jpg
2300586,https://movie.douban.com/subject/2300586/,2007,这个男人来自地球,8.5,The Man from Earth,理查德·沙因克曼,"大卫·李·史密斯,托尼·托德,约翰·比灵斯列","剧情,科幻",https://img3.doubanio.com/view/movie_poster_cover/spst/public/p513303986.jpg
2334904,https://movie.douban.com/subject/2334904/,2010,禁闭岛,8.6,Shutter Island,马丁·斯科塞斯,"莱昂纳多·迪卡普里奥,马克·鲁弗洛,本·金斯利","剧情,悬疑,惊悚",https://img1.doubanio.com/view/movie_poster_cover/spst/public/p1832875827.jpg
2353023,https://movie.douban.com/subject/2353023/,2010,驯龙高手,8.7,How to Train Your Dragon,"迪恩·德布洛斯,克里斯·桑德斯","杰伊·巴鲁切尔,杰拉德·巴特勒,克雷格·费格森","喜剧,动画,奇幻",https://img1.doubanio.com/view/movie_poster_cover/spst/public/p450042258.jpg
2363506,https://movie.douban.com/subject/2363506/,2007,地球上的星星,8.8,Taare Zameen Par,阿米尔·汗,"达席尔·萨法瑞,阿米尔·汗,塔奈·切赫达","剧情,儿童,家庭",https://img3.doubanio.com/view/movie_poster_cover/spst/public/p1973489335.jpg
2365260,https://movie.douban.com/subject/2365260/,2007,爱在暹罗,8.3,รักแห่งสยาม,楚克‧萨克瑞科,"维特维斯特·海伦亚沃恩酷,马里奥·毛瑞尔,赖拉·邦雅淑","剧情,爱情,同性",https://img1.doubanio.com/view/movie_poster_cover/spst/public/p1024585648.jpg
3007773,https://movie.douban.com/subject/3007773/,2009,海盗电台,8.6,The Boat That Rocked,理查德·柯蒂斯,"比尔·奈伊,肯尼思·布拉纳,菲利普·塞默·霍夫曼","剧情,喜剧,音乐",https://img3.doubanio.com/view/movie_poster_cover/spst/public/p769608791.jpg
3008247,https://movie.douban.com/subject/3008247/,2008,穿条纹睡衣的男孩,8.8,The Boy in the Striped Pajamas,马克·赫尔曼,"阿萨·巴特菲尔德,维拉·法米加,大卫·休里斯","剧情,战争",https://img3.doubanio.com/view/movie_poster_cover/spst/public/p1473670352.jpg
3011051,https://movie.douban.com/subject/3011051/,2009,恐怖游轮,8.3,Triangle,克里斯托弗·史密斯,"梅利莎·乔治,利亚姆·海姆斯沃斯,迈克尔·多曼","剧情,悬疑,惊悚",https://img3.doubanio.com/view/movie_poster_cover/spst/public/p462470694.jpg
3011091,https://movie.douban.com/subject/3011091/,2009,忠犬八公的故事,9.2,Hachi: A Dog's Tale,拉斯·霍尔斯道姆,"理查·基尔,萨拉·罗默尔,琼·艾伦",剧情,https://img3.doubanio.com/view/movie_poster_cover/spst/public/p524964016.jpg
3011235,https://movie.douban.com/subject/3011235/,2011,哈利·波特与死亡圣器(下),8.6,Harry Potter and the Deathly Hallows: Part 2,大卫·叶茨,"丹尼尔·雷德克里夫,艾玛·沃森,鲁伯特·格林特","剧情,悬疑,奇幻",https://img3.doubanio.com/view/movie_poster_cover/spst/public/p917846733.jpg
3072124,https://movie.douban.com/subject/3072124/,2009,玛丽和马克思,8.9,Mary and Max,亚当·艾略特,"托妮·科莱特,菲利普·塞默·霍夫曼,艾瑞克·巴纳","剧情,爱情,动画",https://img1.doubanio.com/view/movie_poster_cover/spst/public/p1820615077.jpg
3073124,https://movie.douban.com/subject/3073124/,2009,月球,8.5,Moon,邓肯·琼斯,"山姆·洛克威尔,凯文·史派西,多米妮克·麦克艾丽戈特","剧情,科幻,悬疑",https://img3.doubanio.com/view/movie_poster_cover/spst/public/p449399746.jpg
3075287,https://movie.douban.com/subject/3075287/,2011,源代码,8.3,Source Code,邓肯·琼斯,"杰克·吉伦哈尔,维拉·法米加,米歇尔·莫纳汉","剧情,动作,科幻",https://img3.doubanio.com/view/movie_poster_cover/spst/public/p988260245.jpg
3157605,https://movie.douban.com/subject/3157605/,2009,巴黎淘气帮,8.6,Le petit Nicolas,洛朗·蒂拉尔,"马克西姆·戈达尔,瓦莱丽·勒梅西埃,凯德·麦拉德","儿童,喜剧,家庭",https://img1.doubanio.com/view/movie_poster_cover/spst/public/p465446537.jpg
3217169,https://movie.douban.com/subject/3217169/,2011,勇士,8.9,Warrior,加文·欧康诺,"汤姆·哈迪,乔尔·埃哲顿,尼克·诺特","剧情,运动,家庭",https://img3.doubanio.com/view/movie_poster_cover/spst/public/p1145536386.jpg
3287562,https://movie.douban.com/subject/3287562/,2010,神偷奶爸,8.5,Despicable Me,"皮埃尔·科凡,克里斯·雷纳德","史蒂夫·卡瑞尔,杰森·席格尔,拉塞尔·布兰德","喜剧,动画,冒险",https://img1.doubanio.com/view/movie_poster_cover/spst/public/p792776858.jpg
3319755,https://movie.douban.com/subject/3319755/,2010,怦然心动,8.9,Flipped,罗伯·莱纳,"玛德琳·卡罗尔,卡兰·麦克奥利菲,瑞贝卡·德·莫妮","剧情,喜剧,爱情",https://img3.doubanio.com/view/movie_poster_cover/spst/public/p663036666.jpg
3395373,https://movie.douban.com/subject/3395373/,2012,蝙蝠侠：黑暗骑士崛起,8.5,The Dark Knight Rises,克里斯托弗·诺兰,"克里斯蒂安·贝尔,汤姆·哈迪,安妮·海瑟薇","剧情,动作,科幻",https://img3.doubanio.com/view/movie_poster_cover/spst/public/p1706428744.jpg
3442220,https://movie.douban.com/subject/3442220/,2009,海豚湾,9.3,The Cove,路易·西霍尤斯,"John Chisholm,Mandy-Rae Cruikshank,Charles Hambleton",纪录片,https://img3.doubanio.com/view/movie_poster_cover/spst/public/p455222172.jpg
3443389,https://movie.douban.com/subject/3443389/,2009,海洋,9,Océans,"雅克·贝汉, 雅克·克鲁奥德","皮尔斯·布鲁斯南,雅克·贝汉,姜文",纪录片,https://img3.doubanio.com/view/movie_poster_cover/spst/public/p497010372.jpg
3541415,https://movie.douban.com/subject/3541415/,2010,盗梦空间,9.2,Inception,克里斯托弗·诺兰,"莱昂纳多·迪卡普里奥,约瑟夫·高登-莱维特,艾伦·佩吉","剧情,动作,科幻",https://img3.doubanio.com/view/movie_poster_cover/spst/public/p513344864.jpg
3742360,https://movie.douban.com/subject/3742360/,2010,让子弹飞,8.7,让子弹飞,姜文,"姜文,葛优,周润发","剧情,喜剧,动作",https://img1.doubanio.com/view/movie_poster_cover/spst/public/p1512562287.jpg
3792799,https://movie.douban.com/subject/3792799/,2010,岁月神偷,8.6,歲月神偷,罗启锐,"吴君如,任达华,钟绍图","剧情,家庭",https://img3.doubanio.com/view/movie_poster_cover/spst/public/p456666151.jpg
3793023,https://movie.douban.com/subject/3793023/,2009,三傻大闹宝莱坞,9.1,3 Idiots,拉吉库马尔·希拉尼,"阿米尔·汗,卡琳娜·卡普尔,马达范","剧情,喜剧,爱情",https://img3.doubanio.com/view/movie_poster_cover/spst/public/p579729551.jpg
4023638,https://movie.douban.com/subject/4023638/,2010,国王的演讲,8.3,The King's Speech,汤姆·霍珀,"科林·费尔斯,杰弗里·拉什,海伦娜·伯翰·卡特","剧情,传记,历史",https://img1.doubanio.com/view/movie_poster_cover/spst/public/p768879237.jpg
4202302,https://movie.douban.com/subject/4202302/,2010,借东西的小人阿莉埃蒂,8.7,借りぐらしのアリエッティ,米林宏昌,"志田未来,神木隆之介,三浦友和","动画,奇幻,冒险",https://img3.doubanio.com/view/movie_poster_cover/spst/public/p617533616.jpg
4268598,https://movie.douban.com/subject/4268598/,2010,告白,8.7,告白,中岛哲也,"松隆子,冈田将生,木村佳乃","剧情,惊悚",https://img3.doubanio.com/view/movie_poster_cover/spst/public/p689520756.jpg
4739952,https://movie.douban.com/subject/4739952/,2010,初恋这件小事,8.2,สิ่งเล็กเล็กที่เรียกว่า...รัก,"普特鹏·普罗萨卡·那·萨克那卡林,华森·波克彭","马里奥·毛瑞尔,平采娜·乐维瑟派布恩,苏达拉·布查蓬","喜剧,爱情",https://img3.doubanio.com/view/movie_poster_cover/spst/public/p1505312273.jpg
4798888,https://movie.douban.com/subject/4798888/,2008,叫我第一名,8.6,Front of the Class,彼得·维纳,"詹姆斯·沃克,特里特·威廉斯,多米尼克·斯科特·凯伊","剧情,传记",https://img3.doubanio.com/view/movie_poster_cover/spst/public/p496133870.jpg
4917726,https://movie.douban.com/subject/4917726/,2011,阳光姐妹淘,8.8,써니,姜炯哲,"沈恩京,闵孝琳,姜素拉","剧情,喜剧",https://img1.doubanio.com/view/movie_poster_cover/spst/public/p1374786017.jpg
5322596,https://movie.douban.com/subject/5322596/,2011,超脱,8.8,Detachment,托尼·凯耶,"艾德里安·布洛迪,克里斯蒂娜·亨德里克斯,詹姆斯·肯恩",剧情,https://img3.doubanio.com/view/movie_poster_cover/spst/public/p1305562621.jpg
5908478,https://movie.douban.com/subject/5908478/,2011,我爱你,9,그대를 사랑합니다,秋昌旼,"宋在浩,李顺载,尹秀晶","剧情,爱情",https://img1.doubanio.com/view/movie_poster_cover/spst/public/p1075591188.jpg
5912992,https://movie.douban.com/subject/5912992/,2011,熔炉,9.2,도가니,黄东赫,"孔侑,郑有美,金志英",剧情,https://img3.doubanio.com/view/movie_poster_cover/spst/public/p1363250216.jpg
5964718,https://movie.douban.com/subject/5964718/,2011,一次别离,8.7,جدایی نادر از سیمین,阿斯哈·法哈蒂,"佩曼·莫阿迪,蕾拉·哈塔米,萨瑞·巴亚特","剧情,家庭",https://img3.doubanio.com/view/movie_poster_cover/spst/public/p2189835254.jpg
5989818,https://movie.douban.com/subject/5989818/,2011,萤火之森,8.7,蛍火の杜へ,大森贵弘,"佐仓绫音,内山昂辉","剧情,爱情,动画",https://img1.doubanio.com/view/movie_poster_cover/spst/public/p1272904657.jpg
6146955,https://movie.douban.com/subject/6146955/,2011,寿司之神,8.8,Jiro Dreams of Sushi,大卫·贾柏,"小野二郎 ,小野祯一,小野隆",纪录片,https://img3.doubanio.com/view/movie_poster_cover/spst/public/p1528763106.jpg
6307447,https://movie.douban.com/subject/6307447/,2012,被解救的姜戈,8.5,Django Unchained,昆汀·塔伦蒂诺,"杰米·福克斯,莱昂纳多·迪卡普里奥,克里斯托弗·瓦尔茨","剧情,动作,西部",https://img1.doubanio.com/view/movie_poster_cover/spst/public/p1959232369.jpg
6534248,https://movie.douban.com/subject/6534248/,2012,无敌破坏王,8.6,Wreck-It Ralph,瑞奇·摩尔,"简·林奇,约翰·C·赖利,萨拉·西尔弗曼","喜剧,动画,冒险",https://img3.doubanio.com/view/movie_poster_cover/spst/public/p1735642656.jpg
6786002,https://movie.douban.com/subject/6786002/,2011,触不可及,9.1,Intouchables,"奥利维埃·纳卡什,埃里克·托莱达诺","弗朗索瓦·克鲁塞,奥玛·希,安娜·勒尼","剧情,喜剧",https://img3.doubanio.com/view/movie_poster_cover/spst/public/p1454261925.jpg
6874403,https://movie.douban.com/subject/6874403/,2013,再次出发之纽约遇见你,8.5,Begin Again,约翰·卡尼,"凯拉·奈特莉,马克·鲁弗洛,詹姆斯·柯登","喜剧,爱情,音乐",https://img3.doubanio.com/view/movie_poster_cover/spst/public/p2250287733.jpg
6985810,https://movie.douban.com/subject/6985810/,2012,狩猎,9,Jagten,托马斯·温特伯格,"麦斯·米科尔森,托玛斯·博·拉森,安妮卡·韦德科普",剧情,https://img1.doubanio.com/view/movie_poster_cover/spst/public/p1546987967.jpg
10463953,https://movie.douban.com/subject/10463953/,2014,模仿游戏,8.5,The Imitation Game,莫滕·泰杜姆,"本尼迪克特·康伯巴奇,凯拉·奈特莉,马修·古迪","剧情,传记,战争",https://img3.doubanio.com/view/movie_poster_cover/spst/public/p2255040492.jpg
10533913,https://movie.douban.com/subject/10533913/,2015,头脑特工队,8.7,Inside Out,"彼特·道格特,罗纳尔多·德尔·卡门","艾米·波勒,菲利丝·史密斯,理查德·坎德","喜剧,动画,冒险",https://img3.doubanio.com/view/movie_poster_cover/spst/public/p2266293606.jpg
10577869,https://movie.douban.com/subject/10577869/,2013,时空恋旅人,8.6,About Time,理查德·柯蒂斯,"多姆纳尔·格里森,瑞秋·麦克亚当斯,比尔·奈伊","剧情,爱情,奇幻",https://img3.doubanio.com/view/movie_poster_cover/spst/public/p2070153774.jpg
10777687,https://movie.douban.com/subject/10777687/,2013,7号房的礼物,8.6,7번방의 선물,李焕庆,"柳承龙,朴信惠,郑镇荣","剧情,喜剧,家庭",https://img3.doubanio.com/view/movie_poster_cover/spst/public/p1816276065.jpg
10808442,https://movie.douban.com/subject/10808442/,2013,爱在午夜降临前,8.7,Before Midnight,理查德·林克莱特,"伊桑·霍克,朱莉·德尔佩,肖姆斯·戴维-菲茨帕特里克","剧情,爱情",https://img3.doubanio.com/view/movie_poster_cover/spst/public/p2001069785.jpg
11026735,https://movie.douban.com/subject/11026735/,2014,超能陆战队,8.6,Big Hero 6,"唐·霍尔,克里斯·威廉姆斯","斯科特·安第斯,瑞恩·波特,丹尼尔·海尼","喜剧,动作,科幻",https://img1.doubanio.com/view/movie_poster_cover/spst/public/p2224568669.jpg
11525673,https://movie.douban.com/subject/11525673/,2014,布达佩斯大饭店,8.7,The Grand Budapest Hotel,韦斯·安德森,"拉尔夫·费因斯,托尼·雷沃罗利,艾德里安·布洛迪","剧情,喜剧",https://img3.doubanio.com/view/movie_poster_cover/spst/public/p2178872593.jpg
21318488,https://movie.douban.com/subject/21318488/,2014,消失的爱人,8.7,Gone Girl,大卫·芬奇,"本·阿弗莱克,裴淳华,尼尔·帕特里克·哈里斯","剧情,犯罪,悬疑",https://img3.doubanio.com/view/movie_poster_cover/spst/public/p2221768894.jpg
21360417,https://movie.douban.com/subject/21360417/,2013,恐怖直播,8.7,더 테러 라이브,金秉祐,"河正宇,李璟荣,全慧珍","剧情,犯罪,悬疑",https://img3.doubanio.com/view/movie_poster_cover/spst/public/p2016930906.jpg
21937445,https://movie.douban.com/subject/21937445/,2013,辩护人,9.1,변호인,杨宇硕,"宋康昊,吴达洙,金英爱",剧情,https://img3.doubanio.com/view/movie_poster_cover/spst/public/p2158166535.jpg
21937452,https://movie.douban.com/subject/21937452/,2013,素媛,9.1,소원,李濬益,"薛耿求,严志媛,李来","剧情,家庭",https://img3.doubanio.com/view/movie_poster_cover/spst/public/p2118532944.jpg
24750126,https://movie.douban.com/subject/24750126/,2014,荒蛮故事,8.7,Relatos salvajes,达米安·斯兹弗隆,"达里奥·格兰迪内蒂,玛丽娅·玛努尔,莫妮卡·比利亚","剧情,喜剧,犯罪",https://img3.doubanio.com/view/movie_poster_cover/spst/public/p2192834364.jpg
25662329,https://movie.douban.com/subject/25662329/,2016,疯狂动物城,9.2,Zootopia,"拜伦·霍华德,瑞奇·摩尔,杰拉德·布什","金妮弗·古德温,杰森·贝特曼,伊德里斯·艾尔巴","喜剧,动作,动画",https://img1.doubanio.com/view/movie_poster_cover/spst/public/p2315672647.jpg
25724855,https://movie.douban.com/subject/25724855/,2015,房间,8.8,Room,伦尼·阿伯拉罕森,"布丽·拉尔森,雅各布·特伦布莱,琼·艾伦","剧情,家庭",https://img3.doubanio.com/view/movie_poster_cover/spst/public/p2259715855.jpg
25773932,https://movie.douban.com/subject/25773932/,2014,爆裂鼓手,8.6,Whiplash,达米恩·查泽雷,"迈尔斯·特勒,J·K·西蒙斯,保罗·雷瑟","剧情,音乐",https://img3.doubanio.com/view/movie_poster_cover/spst/public/p2220776342.jpg
25807345,https://movie.douban.com/subject/25807345/,2013,彗星来的那一夜,8.4,Coherence,詹姆斯·沃德·布柯特,"艾米丽·芭尔多尼,莫瑞·史特林,尼古拉斯·布兰登","科幻,悬疑,惊悚",https://img3.doubanio.com/view/movie_poster_cover/spst/public/p2187896711.jpg
25814705,https://movie.douban.com/subject/25814705/,2014,小森林 夏秋篇,8.9,リトル・フォレスト 夏・秋,森淳一,"桥本爱,三浦贵大,松冈茉优",剧情,https://img3.doubanio.com/view/movie_poster_cover/spst/public/p2221319641.jpg
25814707,https://movie.douban.com/subject/25814707/,2015,小森林 冬春篇,8.9,リトル・フォレスト 冬・春,森淳一,"桥本爱,三浦贵大,松冈茉优",剧情,https://img1.doubanio.com/view/movie_poster_cover/spst/public/p2215147728.jpg
25917973,https://movie.douban.com/subject/25917973/,2014,心迷宫,8.6,心迷宫,忻钰坤,"霍卫民,王笑天,罗芸","剧情,犯罪,悬疑",https://img3.doubanio.com/view/movie_poster_cover/spst/public/p2275298525.jpg
